"Date","CHINOOK","JACK","ALLCHINOOK","SCHUM","FCHUM","COHO","PINK","SOCKEYE","CISCO","BROAD","HUMPBACK","SHEEFISH","OTHER","ALLOTHER","TOTAL"
"06/06/2026",909,346,1255,223,0,0,0,0,4558,2275,259,4262,77,11431,12909
"06/07/2026",480,183,663,180,0,0,0,0,2702,1382,211,2469,65,6829,7672
"06/08/2026",265,0,265,186,0,0,0,0,1378,521,907,2169,1212,6187,6638
"06/09/2026",139,0,139,365,0,0,0,0,2700,1078,1113,987,65,5943,6447
"06/10/2026",739,371,1110,677,0,0,0,0,2515,30,12,2459,0,5016,6803
"06/11/2026",1672,24,1696,893,0,0,0,0,1267,960,850,1522,867,5466,8055
"06/12/2026",1017,324,1341,713,0,0,0,0,2223,599,836,1462,662,5782,7836
"06/13/2026",398,19,417,957,0,0,0,0,2253,25,1553,1923,130,5884,7258
"06/14/2026",767,175,942,3260,0,0,0,0,1364,586,612,558,1228,4348,8550
"06/15/2026",1373,472,1845,4629,0,0,0,0,1566,353,889,1569,292,4669,11143
"06/16/2026",2036,138,2174,4549,0,0,0,0,1168,1088,549,945,302,4052,10775
"06/17/2026",3012,695,3707,4973,0,0,0,0,1291,191,0,648,949,3079,11759
"06/18/2026",2199,251,2450,11866,0,0,0,0,670,0,529,1847,405,3451,17767
"06/19/2026",3714,589,4303,7967,0,0,0,0,3171,234,1458,973,145,5981,18251
"06/20/2026",6048,3536,9584,14842,0,0,0,0,318,599,0,778,410,2105,26531
"06/21/2026",2898,200,3098,27444,0,0,0,0,1493,828,410,984,465,4180,34722
"06/22/2026",3978,1793,5771,19528,0,0,0,0,2879,453,0,1046,1016,5394,30693
"06/23/2026",4677,1710,6387,15290,0,0,0,0,4911,680,2411,717,1175,9894,31571
"06/24/2026",3963,2667,6630,48802,0,0,0,0,1828,267,1040,657,829,4621,60053
"06/25/2026",4527,511,5038,39069,0,0,0,0,1534,0,0,283,438,2255,46362
"06/26/2026",3360,528,3888,21146,0,0,0,0,1232,0,353,482,1105,3172,28206
"06/27/2026",3206,260,3466,26482,0,0,0,0,1924,224,872,804,224,4048,33996
"06/28/2026",2152,1504,3656,35280,0,0,414,0,2673,0,745,356,1499,5273,44623
"06/29/2026",4762,1072,5834,41107,0,0,2165,174,3706,0,683,164,636,5189,54469
"06/30/2026",5926,1229,7155,103683,0,0,1017,556,2753,1020,0,512,1186,5471,117882
"07/01/2026",1728,1375,3103,54990,0,0,2074,615,2289,0,0,0,0,2289,63071
"07/02/2026",1966,1224,3190,23620,0,0,1981,162,1490,0,0,109,354,1953,30906
"07/03/2026",1068,692,1760,38819,0,0,1244,0,4522,0,0,0,740,5262,47085
"07/04/2026",1297,781,2078,41968,0,0,544,0,3392,0,364,145,1834,5735,50325
"07/05/2026",1207,118,1325,87174,0,0,1095,469,3077,0,0,1090,1582,5749,95812
"07/06/2026",785,317,1102,62637,0,0,868,299,2461,408,0,184,0,3053,67959
"07/07/2026",996,696,1692,25973,0,0,3490,270,1548,0,0,374,0,1922,33347
"07/08/2026",656,147,803,11608,0,0,3850,0,4386,0,1266,0,0,5652,21913
"07/09/2026",1034,0,1034,21025,0,0,1431,316,1247,438,774,0,740,3199,27005
"07/10/2026",734,900,1634,20301,0,0,6571,0,901,169,2216,372,0,3658,32164
"07/11/2026",428,0,428,55837,0,0,2679,0,471,0,1597,0,0,2068,61012
"07/12/2026",0,258,258,42817,0,0,2721,0,1664,0,1329,0,0,2993,48789
"07/13/2026",440,229,669,19875,0,0,4614,159,897,272,1309,89,0,2567,27884
"07/14/2026",201,219,420,15605,0,0,7762,157,291,0,3234,194,200,3919,27863
"07/15/2026",31,236,267,15927,0,0,2601,0,1090,0,568,0,671,2329,21124
"07/16/2026",132,0,132,11484,0,0,4343,173,0,0,855,230,232,1317,17449
"07/17/2026",236,0,236,9137,0,0,7079,0,0,0,2638,179,0,2817,19269
"07/18/2026",0,69,69,12997,0,0,6833,76,509,0,589,58,157,1313,21288
"07/19/2026",0,0,0,0,8595,0,3396,0,1487,0,2267,160,0,3914,15905
"07/20/2026",212,0,212,0,4287,0,5236,0,1620,0,1502,296,429,3847,13582
"07/21/2026",0,0,0,0,6625,0,3930,0,1277,0,2228,0,104,3609,14164
"07/22/2026",0,0,0,0,2499,0,1927,0,2788,0,3439,0,0,6227,10653
"07/23/2026",0,0,0,0,2516,0,6854,0,1853,179,2988,152,0,5172,14542
"07/24/2026",80,0,80,0,1553,0,7276,244,567,131,4889,162,0,5749,14902
"07/25/2026",0,0,0,0,795,0,9797,0,793,0,2921,80,0,3794,14386
"07/26/2026",0,0,0,0,18735,0,5153,0,601,0,1691,0,0,2292,26180
"07/27/2026",0,0,0,0,24582,0,5428,0,0,0,498,0,0,498,30508
"07/28/2026",0,0,0,0,11007,0,3514,0,2768,71,5142,249,877,9107,23628
"07/29/2026",0,0,0,0,11953,330,2025,0,2733,0,6894,346,208,10181,24489
"07/30/2026",0,0,0,0,13429,0,969,54,2940,309,5382,220,836,9687,24139
"07/31/2026",0,0,0,0,5775,0,4156,0,2732,495,8423,514,25,12189,22120
"08/01/2026",0,0,0,0,3647,18,2468,0,1621,43,6083,360,555,8662,14795
"08/02/2026",0,0,0,0,2498,16,1833,0,1197,38,4350,270,429,6284,10631
"08/03/2026",0,0,0,0,1720,17,1490,0,955,41,3233,221,380,4830,8057
"08/04/2026",0,0,0,0,1804,287,396,0,150,28,3239,300,314,4031,6518
"08/05/2026",0,0,0,0,5237,320,647,0,2804,170,2123,187,0,5284,11488
"08/06/2026",0,0,0,0,100688,457,791,0,984,74,2502,254,0,3814,105750
"08/07/2026",0,0,0,0,94543,1107,782,0,134,488,1976,0,297,2895,99327
"08/08/2026",0,0,0,0,54361,1075,346,0,1036,527,1274,123,568,3528,59310
"08/09/2026",0,0,0,0,26559,1073,841,0,1613,0,1214,0,369,3196,31669
"08/10/2026",0,0,0,0,9875,1673,540,0,803,0,1636,177,0,2616,14704
"08/11/2026",0,0,0,0,6217,961,817,0,3304,0,3054,330,0,6688,14683
"08/12/2026",0,0,0,0,15856,635,428,0,0,881,836,0,0,1717,18636
"08/13/2026",191,0,191,0,5267,1473,406,0,4846,162,1887,117,0,7012,14349
"08/14/2026",0,0,0,0,1996,1256,576,0,2303,246,5262,120,84,8015,11843
"08/15/2026",0,0,0,0,1117,2134,206,0,3499,423,5299,0,79,9300,12757
"08/16/2026",0,0,0,0,2052,412,327,0,7098,212,3839,128,140,11417,14208
"08/17/2026",0,0,0,0,4705,1268,67,0,1068,310,7114,51,356,8899,14939
"08/18/2026",0,0,0,0,10072,3718,0,0,452,1118,1812,103,0,3485,17275
"08/19/2026",0,0,0,0,9827,2773,0,0,2225,487,2466,88,0,5266,17866
"08/20/2026",677,0,677,0,30005,1681,0,0,2375,380,5025,365,0,8145,40508
"08/21/2026",242,0,242,0,13191,751,0,0,1090,171,1926,374,0,3561,17745
"08/22/2026",0,0,0,0,15975,1047,0,0,5352,94,2288,68,400,8202,25224
"08/23/2026",0,0,0,0,22166,3622,0,0,2554,749,2354,611,0,6268,32056
"08/24/2026",0,0,0,0,184162,3802,0,0,1942,0,1631,0,205,3778,191742
"08/25/2026",0,0,0,0,120506,5386,0,0,4505,0,1256,0,707,6468,132360
"08/26/2026",0,0,0,0,59046,12628,0,0,4980,0,2436,295,0,7711,79385
"08/27/2026",0,0,0,0,33128,7006,0,0,2270,0,1200,148,0,3618,43752
"08/28/2026",0,0,0,0,15874,7718,0,0,1224,41,900,44,365,2574,26166
"08/29/2026",0,0,0,0,13464,6413,0,0,1120,42,741,45,339,2287,22164
"08/30/2026",0,0,0,0,7726,6338,0,0,652,287,599,118,0,1656,15720
"08/31/2026",0,0,0,0,7318,5206,171,0,1542,0,426,0,0,1968,14663
"09/01/2026",0,0,0,0,8386,2395,0,0,883,0,0,0,304,1187,11968
"09/02/2026",0,0,0,0,6510,3334,0,0,0,0,656,0,483,1139,10983
"09/03/2026",0,0,0,0,4618,3515,0,0,225,153,1090,0,387,1855,9988
"09/04/2026",0,0,0,0,4368,3452,0,74,0,74,150,0,277,501,8395
"09/05/2026",0,0,0,0,2841,3006,0,0,713,0,0,0,0,713,6560
"09/06/2026",0,0,0,0,4536,2035,0,0,113,0,0,0,0,113,6684
"09/07/2026",0,0,0,0,4692,2074,0,0,139,0,0,0,0,139,6905
"Total",78558,25858,104416,1005905,1028904,102412,138169,3798,174242,23104,163172,40676,31409,432603,2816207
"Var",87809934,19340690,107150624,1311290043,1242838986,69330125,72880427,918777,183334413,12936778,133946348,26351559,12158363,368727461,NA
"se",9371,4398,10351,36212,35254,8326,8537,959,13540,3597,11574,5133,3487,19202,NA
"cv(percent)",12,17,10,4,3,8,6,25,8,16,7,13,11,4,NA
"L90",63143,18623,87389,946336,970911,88716,124126,2220,151969,17187,144133,32232,25673,401016,NA
"U90",93973,33093,121443,1065474,1086897,116108,152212,5376,196515,29021,182211,49120,37145,464190,NA
