"Date","CHINOOK","JACK","ALLCHINOOK","SCHUM","FCHUM","COHO","PINK","SOCKEYE","CISCO","BROAD","HUMPBACK","SHEEFISH","OTHER","ALLOTHER"
"06/06/2026",552100,139087,691187,8785,0,0,0,0,5214331,1210872,11854,8901966,240143,15579166
"06/07/2026",153344,38848,192192,5786,0,0,0,0,1530386,390184,7909,2606992,167629,4703100
"06/08/2026",37406,0,37406,6024,0,0,0,0,317748,92475,6413835,1570398,840647,9235103
"06/09/2026",24052,0,24052,955117,0,0,0,0,1904302,99469,427721,782411,155180,3369083
"06/10/2026",392852,106030,498882,245866,0,0,0,0,2817754,242,109,1540264,0,4358369
"06/11/2026",317453,1506,318959,347817,0,0,0,0,460895,188682,131105,1400923,214611,2396216
"06/12/2026",847370,58775,906145,227722,0,0,0,0,1594152,55891,107501,1352170,109137,3218851
"06/13/2026",2421476,791,2422267,187116,0,0,0,0,1197157,441,629755,838626,8282,2674261
"06/14/2026",18440,17718,36158,300280,0,0,0,0,134304,54774,163471,48470,70448,471467
"06/15/2026",325656,144991,470647,192718,0,0,0,0,1283604,63706,142406,370174,16848,1876738
"06/16/2026",124469,8302,132771,829111,0,0,0,0,357849,2322996,67197,530982,17938,3296962
"06/17/2026",3005220,9050,3014270,3010720,0,0,0,0,881633,15546,0,115657,448934,1461770
"06/18/2026",946025,74486,1020511,4417603,0,0,0,0,336601,0,188197,1832823,209281,2566902
"06/19/2026",373507,212479,585986,564843,0,0,0,0,1853494,31119,625479,14465,9160,2533717
"06/20/2026",3247849,6665208,9913057,12285723,0,0,0,0,52295,172509,0,163311,527734,915849
"06/21/2026",13696133,6285,13702418,27566124,0,0,0,0,326203,3370498,137800,48039,19278,3901818
"06/22/2026",1079697,1198657,2278354,18993356,0,0,0,0,6353511,793465,0,398768,668832,8214576
"06/23/2026",1670038,1503051,3173089,32023550,0,0,0,0,1192746,231056,2531354,178097,135784,4269037
"06/24/2026",24512932,419750,24932682,21241955,0,0,0,0,1313315,83741,554072,500332,122910,2574370
"06/25/2026",2358728,262420,2621148,14850370,0,0,0,0,99567,0,0,4167,259963,363697
"06/26/2026",16559874,2566114,19125988,75413189,0,0,0,0,4909288,0,9084,548478,272051,5738901
"06/27/2026",1074959,47174,1122133,7629471,0,0,0,0,528650,19692,1514821,197925,18516,2279604
"06/28/2026",1767444,3869407,5636851,22128280,0,0,167569,0,228615,0,336750,34762,872880,1473007
"06/29/2026",2340188,48194,2388382,20371136,0,0,1215713,13116,2559630,0,519759,46665,100898,3226952
"06/30/2026",4618203,284885,4903088,430970667,0,0,1281208,240203,2267030,827975,0,459052,1453707,5007764
"07/01/2026",348604,387679,736283,138227535,0,0,1031552,15335,2221766,0,0,0,0,2221766
"07/02/2026",1243668,250503,1494171,9699061,0,0,2906273,15469,1403904,0,0,16208,73345,1493457
"07/03/2026",626718,199533,826251,31099387,0,0,1995003,0,10065154,0,0,0,268450,10333604
"07/04/2026",1177516,260947,1438463,15962413,0,0,163794,0,4314270,0,59343,26268,356829,4756710
"07/05/2026",419091,4977,424068,134747175,0,0,669949,100353,6337629,0,0,227717,2009455,8574801
"07/06/2026",407794,50136,457930,150997858,0,0,4246573,34444,11008641,97312,0,12533,0,11118486
"07/07/2026",275300,370551,645851,11984608,0,0,1977773,81120,362414,0,0,206314,0,568728
"07/08/2026",95323,11268,106591,13874338,0,0,5946937,0,5513412,0,553328,0,0,6066740
"07/09/2026",67538,0,67538,13828559,0,0,1568076,111239,472898,181278,217196,0,348680,1220052
"07/10/2026",10709,14633,25342,23487635,0,0,7124342,0,463950,63714,3529148,63829,0,4120641
"07/11/2026",70391,0,70391,23120106,0,0,278787,0,82365,0,709746,0,0,792111
"07/12/2026",0,35169,35169,13208352,0,0,873422,0,2134455,0,74286,0,0,2208741
"07/13/2026",22266,1197,23463,7042989,0,0,1869648,13877,83026,294602,672836,5447,0,1055911
"07/14/2026",139579,27890,167469,11704441,0,0,3560766,55938,28506,0,4103051,131819,24296,4287672
"07/15/2026",460,37760,38220,4391134,0,0,2346568,0,526323,0,191016,0,203321,920660
"07/16/2026",26779,0,26779,1919105,0,0,1950479,35341,0,0,101636,27903,61808,191347
"07/17/2026",2900,0,2900,9694192,0,0,7532444,0,0,0,559113,17442,0,576555
"07/18/2026",0,5239,5239,1527826,0,0,1612077,5789,188728,0,740597,2330,1629,933284
"07/19/2026",0,0,0,0,1204589,0,209358,0,902918,0,209709,50377,0,1163004
"07/20/2026",23055,0,23055,0,6862092,0,610535,0,769292,0,1007753,43992,76843,1897880
"07/21/2026",0,0,0,0,453128,0,287742,0,592516,0,909744,0,5776,1508036
"07/22/2026",0,0,0,0,126465,0,2989694,0,1957870,0,586693,0,0,2544563
"07/23/2026",0,0,0,0,1896745,0,2570249,0,1903243,17896,1662400,14938,0,3598477
"07/24/2026",5622,0,5622,0,39686,0,1220767,192399,401550,16792,153981,19026,0,591349
"07/25/2026",0,0,0,0,79628,0,5826712,0,380939,0,2459448,7216,0,2847603
"07/26/2026",0,0,0,0,8099034,0,2574188,0,187388,0,494151,0,0,681539
"07/27/2026",0,0,0,0,3484382,0,1462799,0,0,0,186883,0,0,186883
"07/28/2026",0,0,0,0,30650340,0,782394,0,2153393,3867,13942641,90420,291100,16481421
"07/29/2026",0,0,0,0,8115354,70748,913130,0,6708409,0,29174529,66692,9336,35958966
"07/30/2026",0,0,0,0,6789070,0,364225,1202,5029208,60607,770540,112479,209928,6182762
"07/31/2026",0,0,0,0,558182,0,430022,0,3953809,236989,1401775,186549,266,5779388
"08/01/2026",0,0,0,0,831644,220,109101,0,266037,512,126463,15722,50770,459504
"08/02/2026",0,0,0,0,481374,156,90533,0,153666,403,297970,8842,29349,490230
"08/03/2026",0,0,0,0,268991,181,45322,0,91461,408,129633,4978,18694,245174
"08/04/2026",0,0,0,0,587219,39500,6414,0,9891,222,105516,33055,19726,168410
"08/05/2026",0,0,0,0,8880008,20300,166097,0,4777586,25391,854678,23377,0,5681032
"08/06/2026",0,0,0,0,285273944,152168,310442,0,387877,2726,1369946,7524,0,1768073
"08/07/2026",0,0,0,0,56596898,29431,119520,0,7633,169909,2406547,0,38810,2622899
"08/08/2026",0,0,0,0,21519772,28425,985,0,627734,320385,795442,12845,190563,1946969
"08/09/2026",0,0,0,0,7919668,305404,23660,0,1346121,0,651426,0,64880,2062427
"08/10/2026",0,0,0,0,4800443,461563,84650,0,285384,0,4412149,58053,0,4755586
"08/11/2026",0,0,0,0,9937316,90597,208324,0,4852979,0,739760,71400,0,5664139
"08/12/2026",0,0,0,0,3169648,120539,79080,0,0,446104,70427,0,0,516531
"08/13/2026",20644,0,20644,0,5113082,2004426,579137,0,9802725,68002,612210,8379,0,10491316
"08/14/2026",0,0,0,0,204679,276137,111105,0,2484064,38353,1271004,15836,4135,3813392
"08/15/2026",0,0,0,0,300571,318113,17273,0,4399738,94878,9970215,0,2668,14467499
"08/16/2026",0,0,0,0,4327822,54921,325600,0,12782742,72098,1547255,62254,30169,14494518
"08/17/2026",0,0,0,0,11471033,502661,10275,0,1511959,50870,14023703,4505,28586,15619623
"08/18/2026",0,0,0,0,6227874,1440135,0,0,49287,55811,933846,2108,0,1041052
"08/19/2026",0,0,0,0,12016985,17282038,0,0,2964551,73261,1084900,1390,0,4124102
"08/20/2026",320284,0,320284,0,24883838,1006165,0,0,1635520,75683,1580564,21924,0,3313691
"08/21/2026",40278,0,40278,0,1881077,150471,0,0,263060,10226,131804,23769,0,428859
"08/22/2026",0,0,0,0,10473726,61252,0,0,9054003,8556,156010,7101,36927,9262597
"08/23/2026",0,0,0,0,52103751,3652932,0,0,1638111,348320,6805980,53835,0,8846246
"08/24/2026",0,0,0,0,478528786,4174846,0,0,295626,0,596819,0,16153,908598
"08/25/2026",0,0,0,0,37722611,2993740,0,0,5701065,0,1145868,0,359601,7206534
"08/26/2026",0,0,0,0,90526598,19420120,0,0,5595974,0,1773895,47835,0,7417704
"08/27/2026",0,0,0,0,18989519,4726270,0,0,1046185,0,433234,11850,0,1491269
"08/28/2026",0,0,0,0,9669222,3936590,0,0,193155,1379,87666,6692,87298,376190
"08/29/2026",0,0,0,0,2954509,1495090,0,0,110083,1543,48118,7754,93322,260820
"08/30/2026",0,0,0,0,1097153,1502182,0,0,384858,47117,226559,25115,0,683649
"08/31/2026",0,0,0,0,1320303,1251911,32141,0,227181,0,209295,0,0,436476
"09/01/2026",0,0,0,0,1873797,271948,0,0,334146,0,0,0,36631,370777
"09/02/2026",0,0,0,0,957736,379503,0,0,0,0,210307,0,93771,304078
"09/03/2026",0,0,0,0,303874,194897,0,0,18536,23044,132477,0,40609,214666
"09/04/2026",0,0,0,0,458673,560820,0,2952,0,3187,12940,0,13848,29975
"09/05/2026",0,0,0,0,626405,274508,0,0,162795,0,0,0,0,162795
"09/06/2026",0,0,0,0,109266,46725,0,0,3919,0,0,0,0,3919
"09/07/2026",0,0,0,0,70476,32492,0,0,5725,0,0,0,0,5725
"Total Variance",87809934,19340690,107150624,1311290043,1242838986,69330125,72880427,918777,183334413,12936778,133946348,26351559,12158363,368727461
"Std Error",9370.69549,4397.80513,10351.3585581797,36211.73902,35253.92157,8326.47134,8537.0034,958.52856,13540.10388,3596.77328,11573.51926,5133.37696,3486.88443,19202.2774951306
