Year,Strata,Report_Group,grpID,Mean,SD,95CIL,95CIU
2026,1,Total Summer,2,0.98916,0.0104,0.962,1
2026,1,Lower Summer,4,0.96381,0.03219,0.877,0.998
2026,1,Middle Summer,5,0.02477,0.03216,0,0.113
2026,1,UppKoy+Main,7,0.02283,0.03204,0,0.112
2026,1,Tanana Summer,8,0.00202,0.00624,0,0.021
2026,1,Total Fall,9,0.01084,0.0104,0,0.037
2026,1,Tanana Fall,10,0.00367,0.00668,0,0.024
2026,1,Border US,11,0.00461,0.00749,0,0.026
2026,1,Border CA,12,0.00222,0.00475,0,0.017
2026,1,Porcupine CA,13,0.0004,0.00179,0,0.004
2026,1,Mainstem CA,14,0.00188,0.00445,0,0.016
2026,1,Upper Canada,1,0.00075,0.00202,0,0.007
2026,1,White UC,3,0.00038,0.0012,0,0.003
2026,1,Teslin UC,6,0.0004,0.00165,0,0.005
2026,1,Fall US,15,0.00814,0.00941,0,0.033
2026,1,Mainstem+Upper CA,16,0.00248,0.00484,0,0.017
2026,1,Border US+Canada,17,0.00727,0.00885,0,0.031
2026,1,Total USA,18,0.99719,0.0051,0.982,1
2026,1,Total Canada,19,0.00281,0.00512,0,0.018
2026,2,Total Summer,2,0.99613,0.00564,0.98,1
2026,2,Lower Summer,4,0.91279,0.06711,0.76,0.998
2026,2,Middle Summer,5,0.08272,0.06681,0,0.23402
2026,2,UppKoy+Main,7,0.07066,0.07178,0,0.232
2026,2,Tanana Summer,8,0.01205,0.01753,0,0.06
2026,2,Total Fall,9,0.00387,0.00563,0,0.02
2026,2,Tanana Fall,10,0.00148,0.00332,0,0.011
2026,2,Border US,11,0.0013,0.0035,0,0.011
2026,2,Border CA,12,0.00105,0.00245,0,0.008
2026,2,Porcupine CA,13,0.00027,0.0012,0,0.002
2026,2,Mainstem CA,14,0.00086,0.00215,0,0.007
2026,2,Upper Canada,1,0.00055,0.00153,0,0.005
2026,2,White UC,3,0.0004,0.0013,0,0.003
2026,2,Teslin UC,6,0.00019,0.00085,0,0.001
2026,2,Fall US,15,0.0026,0.00479,0,0.017
2026,2,Mainstem+Upper CA,16,0.00128,0.00262,0,0.009
2026,2,Border US+Canada,17,0.00259,0.00455,0,0.016
2026,2,Total USA,18,0.99853,0.00286,0.99,1
2026,2,Total Canada,19,0.00147,0.00288,0,0.01
2026,3,Total Summer,2,0.98782,0.01506,0.946,1
2026,3,Lower Summer,4,0.81176,0.06121,0.66298,0.902
2026,3,Middle Summer,5,0.17563,0.06222,0.084,0.325
2026,3,UppKoy+Main,7,0.14118,0.07725,0.007,0.319
2026,3,Tanana Summer,8,0.03435,0.04111,0,0.133
2026,3,Total Fall,9,0.01218,0.01506,0,0.054
2026,3,Tanana Fall,10,0.00343,0.0078,0,0.028
2026,3,Border US,11,0.00528,0.01087,0,0.039
2026,3,Border CA,12,0.00292,0.00682,0,0.024
2026,3,Porcupine CA,13,0.00037,0.00178,0,0.003
2026,3,Mainstem CA,14,0.00261,0.00658,0,0.023
2026,3,Upper Canada,1,0.00098,0.00272,0,0.009
2026,3,White UC,3,0.00044,0.00141,0,0.004
2026,3,Teslin UC,6,0.00059,0.00232,0,0.007
2026,3,Fall US,15,0.00856,0.01346,0,0.048
2026,3,Mainstem+Upper CA,16,0.00347,0.00704,0,0.025
2026,3,Border US+Canada,17,0.0089,0.01279,0,0.046
2026,3,Total USA,18,0.99623,0.00725,0.974,1
2026,3,Total Canada,19,0.00377,0.00727,0,0.026
2026,4,Total Summer,2,0.53067,0.05352,0.428,0.639
2026,4,Lower Summer,4,0.23519,0.0536,0.128,0.339
2026,4,Middle Summer,5,0.29539,0.06914,0.172,0.438
2026,4,UppKoy+Main,7,0.14645,0.07648,0.003,0.306
2026,4,Tanana Summer,8,0.14889,0.04629,0.065,0.245
2026,4,Total Fall,9,0.46933,0.05352,0.361,0.572
2026,4,Tanana Fall,10,0.11826,0.03995,0.045,0.2
2026,4,Border US,11,0.31757,0.05411,0.211,0.425
2026,4,Border CA,12,0.03282,0.03323,0,0.112
2026,4,Porcupine CA,13,0.00154,0.00712,0,0.02
2026,4,Mainstem CA,14,0.03135,0.03304,0,0.11002
2026,4,Upper Canada,1,0.00071,0.00214,0,0.006
2026,4,White UC,3,0.00045,0.00154,0,0.004
2026,4,Teslin UC,6,0.0003,0.00153,0,0.002
2026,4,Fall US,15,0.4359,0.06067,0.316,0.551
2026,4,Mainstem+Upper CA,16,0.03193,0.03314,0,0.111
2026,4,Border US+Canada,17,0.35099,0.04847,0.257,0.44602
2026,4,Total USA,18,0.9666,0.03332,0.88798,1
2026,4,Total Canada,19,0.0334,0.03333,0,0.112
2026,5,Total Summer,2,0.05357,0.02523,0.016,0.11302
2026,5,Lower Summer,4,0.03915,0.0178,0.011,0.08
2026,5,Middle Summer,5,0.01444,0.02011,0,0.069
2026,5,UppKoy+Main,7,0.00938,0.01705,0,0.061
2026,5,Tanana Summer,8,0.00515,0.01248,0,0.045
2026,5,Total Fall,9,0.94643,0.02524,0.886,0.983
2026,5,Tanana Fall,10,0.36271,0.04785,0.273,0.459
2026,5,Border US,11,0.49137,0.05727,0.381,0.606
2026,5,Border CA,12,0.07731,0.04181,0,0.166
2026,5,Porcupine CA,13,0.00328,0.01236,0,0.044
2026,5,Mainstem CA,14,0.07408,0.04035,0,0.157
2026,5,Upper Canada,1,0.01483,0.01517,0,0.052
2026,5,White UC,3,0.01347,0.01451,0,0.049
2026,5,Teslin UC,6,0.00141,0.00523,0,0.018
2026,5,Fall US,15,0.85417,0.0479,0.753,0.944
2026,5,Mainstem+Upper CA,16,0.08893,0.04149,0.012,0.17802
2026,5,Border US+Canada,17,0.58362,0.04904,0.484,0.678
2026,5,Total USA,18,0.90785,0.04283,0.81498,0.986
2026,5,Total Canada,19,0.09215,0.04283,0.014,0.185
2026,6,Total Summer,2,0.08988,0.0449,0.019,0.188
2026,6,Lower Summer,4,0.01896,0.01552,0,0.056
2026,6,Middle Summer,5,0.07084,0.04562,0.001,0.16902
2026,6,UppKoy+Main,7,0.06681,0.04684,0,0.16702
2026,6,Tanana Summer,8,0.00415,0.01168,0,0.04202
2026,6,Total Fall,9,0.91012,0.0449,0.812,0.981
2026,6,Tanana Fall,10,0.61418,0.05301,0.509,0.716
2026,6,Border US,11,0.14463,0.04893,0.059,0.251
2026,6,Border CA,12,0.12983,0.04183,0.054,0.218
2026,6,Porcupine CA,13,0.12417,0.04029,0.05,0.209
2026,6,Mainstem CA,14,0.00577,0.014,0,0.051
2026,6,Upper Canada,1,0.02134,0.01872,0.001,0.069
2026,6,White UC,3,0.00994,0.00877,0,0.032
2026,6,Teslin UC,6,0.0114,0.01668,0,0.05602
2026,6,Fall US,15,0.75876,0.06008,0.637,0.87102
2026,6,Mainstem+Upper CA,16,0.02703,0.02287,0.001,0.085
2026,6,Border US+Canada,17,0.29598,0.04814,0.204,0.393
2026,6,Total USA,18,0.84873,0.04371,0.75598,0.929
2026,6,Total Canada,19,0.15127,0.04372,0.071,0.244
2026,7,Total Summer,2,0.05036,0.02912,0.001,0.111
2026,7,Lower Summer,4,0.00289,0.00485,0,0.017
2026,7,Middle Summer,5,0.04753,0.02906,0,0.109
2026,7,UppKoy+Main,7,0.04672,0.0292,0,0.108
2026,7,Tanana Summer,8,0.00092,0.00332,0,0.01
2026,7,Total Fall,9,0.94964,0.02912,0.888,0.999
2026,7,Tanana Fall,10,0.5574,0.04391,0.47,0.643
2026,7,Border US,11,0.20227,0.05045,0.111,0.306
2026,7,Border CA,12,0.12822,0.04708,0.041,0.226
2026,7,Porcupine CA,13,0.00054,0.0029,0,0.005
2026,7,Mainstem CA,14,0.12775,0.04702,0.04,0.225
2026,7,Upper Canada,1,0.06159,0.0202,0.027,0.106
2026,7,White UC,3,0.01761,0.01103,0.001,0.044
2026,7,Teslin UC,6,0.0439,0.01715,0.015,0.083
2026,7,Fall US,15,0.75965,0.05439,0.649,0.863
2026,7,Mainstem+Upper CA,16,0.18943,0.04673,0.103,0.285
2026,7,Border US+Canada,17,0.39224,0.0441,0.307,0.479
2026,7,Total USA,18,0.81009,0.04678,0.714,0.897
2026,7,Total Canada,19,0.18991,0.04679,0.103,0.286
2026,8,Total Summer,2,0.06884,0.03883,0.002,0.149
2026,8,Lower Summer,4,0.00793,0.01043,0,0.037
2026,8,Middle Summer,5,0.06091,0.03797,0,0.14002
2026,8,UppKoy+Main,7,0.05957,0.03792,0,0.139
2026,8,Tanana Summer,8,0.00143,0.00502,0,0.015
2026,8,Total Fall,9,0.93116,0.03883,0.851,0.998
2026,8,Tanana Fall,10,0.76549,0.04368,0.676,0.846
2026,8,Border US,11,0.00386,0.0102,0,0.035
2026,8,Border CA,12,0.14004,0.04238,0.068,0.233
2026,8,Porcupine CA,13,0.09272,0.03329,0.034,0.163
2026,8,Mainstem CA,14,0.04726,0.04207,0,0.141
2026,8,Upper Canada,1,0.02169,0.01367,0.003,0.055
2026,8,White UC,3,0.02106,0.01337,0.003,0.054
2026,8,Teslin UC,6,0.00068,0.00291,0,0.008
2026,8,Fall US,15,0.76926,0.04407,0.679,0.85102
2026,8,Mainstem+Upper CA,16,0.06898,0.04364,0.00798,0.16502
2026,8,Border US+Canada,17,0.16558,0.04417,0.089,0.261
2026,8,Total USA,18,0.83819,0.04362,0.744,0.914
2026,8,Total Canada,19,0.16181,0.04362,0.086,0.256
