day,zone,species,day_est,day_var
06/11/01,1,CHINOOK,399,84894.982186
06/11/01,2,CHINOOK,618,970538.29869
06/11/01,2,CISCO,521,381343.99383
06/11/01,1,HUMPBACK,541,156897.31427
06/11/01,1,SHEEFISH,1362,534281.01427
06/11/01,2,SHEEFISH,1357,4284005.6601
06/12/01,1,CHINOOK,230,142536.49603
06/12/01,2,CHINOOK,924,2665351.7205
06/12/01,1,CISCO,686,243311.05691
06/12/01,1,HUMPBACK,177,40610.385502
06/12/01,2,JACK,325,-645217.4628
06/12/01,1,OTHER,148,51727.925604
06/12/01,1,SHEEFISH,860,13581.624757
06/12/01,2,SHEEFISH,1007,2031112.9713
06/13/01,1,CHINOOK,980,92524.750954
06/13/01,2,CHINOOK,1573,11006305.218
06/13/01,2,JACK,153,-14623.3626
06/13/01,1,OTHER,159,53555.882843
06/13/01,2,SCHUM,170,55819.491372
06/13/01,1,SHEEFISH,625,6424.7676646
06/14/01,1,CHINOOK,1298,100367.82712
06/14/01,2,CHINOOK,1077,5180463.8141
06/14/01,2,HUMPBACK,390,406752.09243
06/14/01,2,JACK,143,-233066.3646
06/14/01,2,SCHUM,190,-376534.3075
06/14/01,1,SHEEFISH,358,98935.346116
06/15/01,1,CHINOOK,463,137440.07668
06/15/01,2,CHINOOK,959,176749.41861
06/15/01,3,CHINOOK,320,322612.02392
06/15/01,1,CISCO,424,316371.17818
06/15/01,1,JACK,114,8904.3839648
06/15/01,2,JACK,233,13168.607273
06/15/01,1,SCHUM,583,114566.75202
06/15/01,2,SCHUM,256,56976.038441
06/15/01,1,SHEEFISH,189,237845.54881
06/15/01,2,SHEEFISH,66,10060.977771
06/16/01,1,CHINOOK,932,276586.67119
06/16/01,2,CHINOOK,1100,202665.24257
06/16/01,3,CHINOOK,1280,1291652.4257
06/16/01,1,CISCO,854,636670.56324
06/16/01,1,JACK,230,17919.328767
06/16/01,2,JACK,267,15099.449877
06/16/01,1,SCHUM,1173,230556.01637
06/16/01,2,SCHUM,293,65330.130881
06/16/01,1,SHEEFISH,380,478644.29496
06/16/01,2,SHEEFISH,76,11536.165247
06/17/01,1,BROAD,130,21544.50607
06/17/01,1,CHINOOK,608,174525.76489
06/17/01,2,CHINOOK,2689,2706015.4951
06/17/01,3,CHINOOK,133,59210.330911
06/17/01,1,CISCO,125,18082.735772
06/17/01,1,JACK,69,4524.4689807
06/17/01,1,OTHER,60,9928.6170087
06/17/01,1,SCHUM,4512,1168377.3982
06/17/01,2,SCHUM,3388,2938698.2003
06/17/01,3,SCHUM,580,61705.524763
06/17/01,1,SHEEFISH,200,36777.578856
06/17/01,2,SHEEFISH,91,13849.24751
06/18/01,1,BROAD,185,30663.190315
06/18/01,1,CHINOOK,866,248393.56847
06/18/01,2,CHINOOK,3819,3843173.7576
06/18/01,3,CHINOOK,264,116939.48147
06/18/01,1,CISCO,177,25736.230229
06/18/01,1,JACK,99,6439.4446072
06/18/01,1,OTHER,85,14130.891277
06/18/01,1,SCHUM,6422,1662891.6162
06/18/01,2,SCHUM,4812,4173637.5218
06/18/01,3,SCHUM,1145,121867.45047
06/18/01,1,SHEEFISH,285,52343.641396
06/18/01,2,SHEEFISH,129,19669.164751
06/19/01,1,CHINOOK,832,169594.11536
06/19/01,2,CHINOOK,2663,1243909.3453
06/19/01,3,CHINOOK,351,193847.82204
06/19/01,1,CISCO,427,201380.42058
06/19/01,1,HUMPBACK,256,37102.031234
06/19/01,1,JACK,269,46318.303293
06/19/01,2,JACK,153,19729.899919
06/19/01,1,OTHER,129,26590.265658
06/19/01,1,SCHUM,8788,804105.70685
06/19/01,2,SCHUM,8872,9812455.5968
06/19/01,3,SCHUM,1155,377328.37419
06/19/01,1,SHEEFISH,124,41533.638887
06/19/01,3,SHEEFISH,74,3506.256588
06/20/01,1,CHINOOK,944,31758.975948
06/20/01,2,CHINOOK,3115,768358.53493
06/20/01,3,CHINOOK,861,371572.55099
06/20/01,1,CISCO,512,445114.99059
06/20/01,2,CISCO,232,36666.323078
06/20/01,1,JACK,1568,449106.77104
06/20/01,1,SCHUM,11369,2383000.9577
06/20/01,2,SCHUM,12180,9871600.7726
06/21/01,3, ,.,.
06/21/01,1,CHINOOK,1359,45386.378951
06/21/01,2,CHINOOK,997,145051.02728
06/21/01,1,CISCO,846,816289.44596
06/21/01,2,JACK,171,19307.738115
06/21/01,1,OTHER,631,297239.43975
06/21/01,1,SCHUM,7984,1801762.444
06/21/01,2,SCHUM,10521,12963707.84
06/22/01,1,CHINOOK,402,13829.393237
06/22/01,2,CHINOOK,563,33061.842904
06/22/01,3,CHINOOK,368,74084.530964
06/22/01,1,CISCO,283,215669.26084
06/22/01,1,HUMPBACK,220,53280.306377
06/22/01,1,JACK,193,16395.320054
06/22/01,2,JACK,95,10627.530157
06/22/01,3,JACK,238,34002.432304
06/22/01,1,SCHUM,5829,891604.15917
06/22/01,2,SCHUM,4082,796336.18685
06/22/01,3,SCHUM,1640,77738.333089
06/23/01,1,CHINOOK,1369,16313.631098
06/23/01,2,CHINOOK,1303,639583.01877
06/23/01,1,JACK,294,919.58067243
06/23/01,1,SCHUM,4663,24653.044252
06/23/01,2,SCHUM,3543,937943.60641
06/23/01,3,SCHUM,1147,685014.31044
06/24/01,1,CHINOOK,618,232364.98663
06/24/01,2,CHINOOK,1679,1065751.6654
06/24/01,1,CISCO,492,123921.70498
06/24/01,2,JACK,153,82730.596456
06/24/01,1,SCHUM,7118,1853605.3596
06/24/01,2,SCHUM,2825,660989.23525
06/24/01,3,SCHUM,2740,4028604.2638
06/25/01,1,CHINOOK,102,10548.417952
06/25/01,2,CHINOOK,2119,1667567.7953
06/25/01,3,CHINOOK,576,2827159.0217
06/25/01,1,CISCO,212,34625.503895
06/25/01,1,HUMPBACK,172,15202.579306
06/25/01,1,JACK,323,43723.865356
06/25/01,2,JACK,275,17894.364842
06/25/01,1,SCHUM,6463,348359.05668
06/25/01,2,SCHUM,7872,5554631.8947
06/25/01,3,SCHUM,2406,2968073.2061
06/25/01,1,SHEEFISH,100,18449.070314
06/26/01,1,BROAD,363,80392.858551
06/26/01,1,CHINOOK,1215,66891.973017
06/26/01,2,CHINOOK,4225,319759.97684
06/26/01,3,CHINOOK,1574,1291678.6353
06/26/01,1,JACK,144,20178.256281
06/26/01,2,JACK,469,124522.50188
06/26/01,1,SCHUM,9213,2124124.1575
06/26/01,2,SCHUM,9878,132831.78386
06/26/01,3,SCHUM,1031,1231835.2939
06/26/01,1,SHEEFISH,226,32286.581561
06/27/01,1,CHINOOK,789,1605.2904248
06/27/01,2,CHINOOK,5314,9116058.753
06/27/01,3,CHINOOK,514,53704.910094
06/27/01,1,CISCO,758,392618.22158
06/27/01,2,JACK,1102,41485.593079
06/27/01,3,JACK,510,15675.630057
06/27/01,1,SCHUM,15037,470710.97526
06/27/01,2,SCHUM,16890,16258529.67
06/27/01,3,SCHUM,3301,363946.045
06/27/01,1,SHEEFISH,187,40336.323878
06/28/01,1,CHINOOK,532,278986.08261
06/28/01,2,CHINOOK,4621,3765005.0668
06/28/01,3,CHINOOK,1053,167338.79154
06/28/01,1,CISCO,558,275890.15498
06/28/01,1,HUMPBACK,235,33870.862215
06/28/01,2,JACK,235,51570.990348
06/28/01,3,JACK,720,89048.612489
06/28/01,1,SCHUM,11946,5347566.5757
06/28/01,2,SCHUM,14278,5651102.8097
06/28/01,3,SCHUM,3698,1902087.854
06/29/01,1,BROAD,185,17080.781604
06/29/01,1,CHINOOK,118,7630.519712
06/29/01,2,CHINOOK,5348,1137610.285
06/29/01,3,CHINOOK,1950,4184946.882
06/29/01,1,JACK,329,55133.657418
06/29/01,2,JACK,242,47911.968348
06/29/01,3,JACK,299,49237.587592
06/29/01,1,OTHER,131,8672.3017051
06/29/01,1,SCHUM,12727,314974.88608
06/29/01,2,SCHUM,12829,2847000.1644
06/29/01,3,SCHUM,2604,3738199.7844
06/30/01,1,CHINOOK,448,65794.20476
06/30/01,2,CHINOOK,3656,534951.00531
06/30/01,1,CISCO,1306,696994.73362
06/30/01,1,JACK,103,5552.685336
06/30/01,2,JACK,404,75163.488416
06/30/01,1,SCHUM,10463,1428157.359
06/30/01,2,SCHUM,8317,1307383.3573
06/30/01,3,SCHUM,3751,14061011.439
07/01/01,1,CHINOOK,360,52855.173085
07/01/01,2,CHINOOK,3333,487635.68731
07/01/01,1,CISCO,1049,559924.34926
07/01/01,1,JACK,83,4460.6990174
07/01/01,2,JACK,368,68515.4322
07/01/01,1,SCHUM,8406,1147297.1621
07/01/01,2,SCHUM,7582,1191747.9838
07/01/01,3,SCHUM,3625,13588255.971
07/02/01,1,CHINOOK,64,5616.244842
07/02/01,2,CHINOOK,1326,967563.38663
07/02/01,3,CHINOOK,1291,1656036.1506
07/02/01,1,CISCO,488,56814.575132
07/02/01,1,JACK,205,2026.586527
07/02/01,2,JACK,250,734.85613293
07/02/01,1,OTHER,116,7246.581191
07/02/01,1,SCHUM,5741,253264.51505
07/02/01,2,SCHUM,4169,951717.03722
07/02/01,3,SCHUM,1820,1688132.2859
07/02/01,1,SHEEFISH,268,19436.139381
07/03/01,1,BROAD,107,9513.3399747
07/03/01,1,CHINOOK,200,20021.776487
07/03/01,2,CHINOOK,1926,134095.64858
07/03/01,1,CISCO,211,30411.184293
07/03/01,1,JACK,65,3759.9313856
07/03/01,2,JACK,148,14321.234584
07/03/01,3,JACK,1241,3573152.2522
07/03/01,1,SCHUM,3334,217218.39104
07/03/01,2,SCHUM,4731,342424.35171
07/03/01,3,SCHUM,1482,3576662.7627
07/03/01,1,SHEEFISH,103,12510.016888
07/04/01,1,BROAD,110,9764.4809994
07/04/01,1,CHINOOK,206,20550.327919
07/04/01,2,CHINOOK,1849,128694.14143
07/04/01,1,CISCO,216,31214.003914
07/04/01,1,JACK,67,3859.1891672
07/04/01,2,JACK,142,13744.360898
07/04/01,3,JACK,1134,3265755.7282
07/04/01,1,SCHUM,3422,222952.70196
07/04/01,2,SCHUM,4540,328631.15556
07/04/01,3,SCHUM,1354,3268964.2312
07/04/01,1,SHEEFISH,106,12840.266671
07/05/01,1,CHINOOK,666,318234.68897
07/05/01,2,CHINOOK,1090,105683.91167
07/05/01,3,CHINOOK,647,8433.1472116
07/05/01,1,JACK,178,18394.914611
07/05/01,1,SCHUM,2720,309545.22776
07/05/01,2,SCHUM,7782,1350789.4494
07/05/01,3,SCHUM,794,10010.720112
07/05/01,1,SHEEFISH,127,25770.744638
07/06/01,1,CHINOOK,377,29930.438334
07/06/01,2,CHINOOK,1947,218070.82281
07/06/01,1,CISCO,381,78779.300951
07/06/01,2,CISCO,503,183920.05236
07/06/01,1,JACK,425,62355.877538
07/06/01,3,JACK,622,405347.93921
07/06/01,1,OTHER,188,50490.40123
07/06/01,1,SCHUM,2128,146652.16956
07/06/01,2,SCHUM,7362,32157.544156
07/06/01,3,SCHUM,901,418460.22467
07/06/01,1,SHEEFISH,131,10664.82975
07/06/01,2,SHEEFISH,195,23568.985212
07/07/01,1,CHINOOK,280,8290.0295389
07/07/01,2,CHINOOK,1833,710204.87115
07/07/01,1,CISCO,561,197753.75289
07/07/01,1,HUMPBACK,457,13122.529584
07/07/01,1,JACK,164,19196.570361
07/07/01,1,OTHER,170,34358.432272
07/07/01,1,SCHUM,2605,145652.89371
07/07/01,2,SCHUM,12135,1367690.1673
07/07/01,3,SCHUM,2328,473309.53903
07/08/01,1,CHINOOK,274,22793.465736
07/08/01,2,CHINOOK,1920,789566.46664
07/08/01,1,CISCO,231,47850.870733
07/08/01,1,JACK,169,11188.105785
07/08/01,1,SCHUM,3534,257245.80474
07/08/01,2,SCHUM,12773,1414046.1682
07/08/01,3,SCHUM,1951,4388813.9148
07/08/01,1,SHEEFISH,123,7247.0613896
07/09/01,1,CHINOOK,332,27580.506553
07/09/01,2,CHINOOK,1364,561080.11299
07/09/01,1,CISCO,280,57900.420635
07/09/01,1,JACK,204,13537.810726
07/09/01,1,SCHUM,4276,311272.08498
07/09/01,2,SCHUM,9077,1004846.6055
07/09/01,3,SCHUM,2514,5656396.8332
07/09/01,1,SHEEFISH,149,8769.0755967
07/10/01,1,BROAD,121,8919.5363513
07/10/01,1,CHINOOK,358,64938.832718
07/10/01,2,CHINOOK,1319,1737599.5251
07/10/01,1,CISCO,1668,754288.13544
07/10/01,2,CISCO,1611,1131791.2677
07/10/01,1,HUMPBACK,389,48745.415172
07/10/01,1,JACK,261,22142.671945
07/10/01,1,OTHER,338,36704.240106
07/10/01,1,SCHUM,2505,1314050.3282
07/10/01,2,SCHUM,5299,2027994.3596
07/10/01,3,SCHUM,2136,8328142.0311
07/10/01,1,SHEEFISH,340,50746.607173
07/11/01,1,BROAD,93,6853.3070487
07/11/01,1,CHINOOK,275,49895.615924
07/11/01,2,CHINOOK,1241,1634982.7362
07/11/01,1,CISCO,1282,579555.70691
07/11/01,2,CISCO,1516,1064951.4787
07/11/01,1,HUMPBACK,299,37453.437514
07/11/01,1,JACK,201,17013.27555
07/11/01,1,OTHER,260,28201.625906
07/11/01,1,SCHUM,1925,1009647.8137
07/11/01,2,SCHUM,4986,1908227.8276
07/11/01,3,SCHUM,1760,6864117.8735
07/11/01,1,SHEEFISH,261,38991.049191
07/12/01,1,BROAD,78,5749.3347214
07/12/01,1,CHINOOK,231,41858.127038
07/12/01,2,CHINOOK,810,1067426.934
07/12/01,1,CISCO,1075,486197.35334
07/12/01,2,CISCO,990,695272.10691
07/12/01,1,HUMPBACK,251,31420.210302
07/12/01,1,JACK,168,14272.673783
07/12/01,1,OTHER,218,23658.736705
07/12/01,1,SCHUM,1615,847007.61117
07/12/01,2,SCHUM,3255,1245819.7474
07/12/01,3,SCHUM,710,2769172.3811
07/12/01,1,SHEEFISH,219,32710.134151
07/13/01,1,BROAD,97,7127.7194643
07/13/01,1,CHINOOK,286,51893.480078
07/13/01,2,CHINOOK,581,765870.50981
07/13/01,1,CISCO,1333,602761.62492
07/13/01,2,CISCO,710,498852.32051
07/13/01,1,HUMPBACK,311,38953.10595
07/13/01,1,JACK,209,17694.502001
07/13/01,1,OTHER,270,29330.843703
07/13/01,1,SCHUM,2002,1050074.9963
07/13/01,2,SCHUM,2336,893865.96375
07/13/01,3,SCHUM,364,1419831.0715
07/13/01,1,SHEEFISH,272,40552.284944
07/14/01,1,BROAD,64,4704.5652627
07/14/01,1,CHINOOK,189,34251.665622
07/14/01,2,CHINOOK,522,687200.66262
07/14/01,1,CISCO,880,397845.54043
07/14/01,2,CISCO,637,447610.45217
07/14/01,1,HUMPBACK,205,25710.527756
07/14/01,1,JACK,138,11679.042627
07/14/01,1,OTHER,178,19359.469618
07/14/01,1,SCHUM,1321,693089.33604
07/14/01,2,SCHUM,2096,802048.48562
07/14/01,3,SCHUM,963,3754587.2334
07/14/01,1,SHEEFISH,179,26766.046564
07/15/01,1,BROAD,65,4753.0030164
07/15/01,1,CHINOOK,191,34604.317493
07/15/01,2,CHINOOK,494,651360.39084
07/15/01,1,CISCO,889,401941.72004
07/15/01,2,CISCO,604,424265.77117
07/15/01,1,HUMPBACK,207,25975.24089
07/15/01,1,JACK,139,11799.288932
07/15/01,1,OTHER,180,19558.792864
07/15/01,1,SCHUM,1335,700225.31752
07/15/01,2,SCHUM,1986,760218.43908
07/15/01,3,SCHUM,903,3519454.0277
07/15/01,1,SHEEFISH,181,27041.627218
07/16/01,1,BROAD,66,4836.0493408
07/16/01,1,CHINOOK,194,35208.937639
07/16/01,2,CHINOOK,415,546913.62163
07/16/01,1,CISCO,905,408964.6027
07/16/01,2,CISCO,507,356234.01838
07/16/01,1,HUMPBACK,211,26429.09044
07/16/01,1,JACK,142,12005.450715
07/16/01,1,OTHER,183,19900.531729
07/16/01,1,SCHUM,1358,712459.92765
07/16/01,2,SCHUM,1668,638316.09289
07/16/01,3,SCHUM,780,3043480.2095
07/16/01,1,SHEEFISH,184,27514.109086
07/17/01,1,CHINOOK,172,98001.439267
07/17/01,2,CHINOOK,210,35718.171276
07/17/01,1,CISCO,514,435944.86872
07/17/01,2,CISCO,206,29941.11187
07/17/01,1,HUMPBACK,694,104166.62761
07/17/01,2,HUMPBACK,118,30491.497335
07/17/01,1,OTHER,91,17038.914808
07/17/01,1,PINK,268,121467.94918
07/17/01,1,SCHUM,1968,571778.47516
07/17/01,2,SCHUM,1450,943626.01285
07/17/01,1,SHEEFISH,352,60591.837937
07/17/01,2,SHEEFISH,364,926649.63406
07/17/01,3,SHEEFISH,660,712157.54476
07/18/01,1,CHINOOK,154,87555.823813
07/18/01,2,CHINOOK,333,56586.8737
07/18/01,1,CISCO,459,389479.09748
07/18/01,2,CISCO,327,47434.50897
07/18/01,1,HUMPBACK,620,93063.887253
07/18/01,2,HUMPBACK,187,48306.462704
07/18/01,1,OTHER,81,15222.799114
07/18/01,1,PINK,239,108521.12415
07/18/01,1,SCHUM,1758,510834.69596
07/18/01,2,SCHUM,2297,1494949.0442
07/18/01,1,SHEEFISH,315,54133.575248
07/18/01,2,SHEEFISH,577,1468054.0446
07/18/01,3,SHEEFISH,1411,1522153.0226
07/19/01,2,BROAD,122,26019.39336
07/19/01,2,CISCO,507,134715.81374
07/19/01,1,FCHUM,5301,622799.62317
07/19/01,2,FCHUM,12065,2730341.1618
07/19/01,3,FCHUM,3114,301116.19752
07/19/01,1,HUMPBACK,390,72778.355773
07/19/01,2,HUMPBACK,265,84232.462736
07/19/01,1,SHEEFISH,441,76578.367018
07/20/01,2,BROAD,247,52517.246
07/20/01,2,CISCO,1024,271908.85784
07/20/01,1,FCHUM,9074,1066016.5728
07/20/01,2,FCHUM,24352,5510889.3768
07/20/01,3,FCHUM,6524,630919.76256
07/20/01,1,HUMPBACK,667,124571.25938
07/20/01,2,HUMPBACK,535,170013.8395
07/20/01,1,SHEEFISH,755,131075.55837
07/21/01,1,CISCO,718,259201.51798
07/21/01,2,CISCO,847,740191.85667
07/21/01,1,FCHUM,7489,1086762.9334
07/21/01,2,FCHUM,17297,4224160.8088
07/21/01,3,FCHUM,6186,19151100.172
07/21/01,1,HUMPBACK,555,175037.62628
07/21/01,2,HUMPBACK,417,197254.90136
07/22/01,1,BROAD,89,5645.3953976
07/22/01,1,CHINOOK,426,111553.70396
07/22/01,2,CHINOOK,382,62998.031268
07/22/01,1,CISCO,727,235169.32571
07/22/01,2,CISCO,411,64117.567976
07/22/01,1,FCHUM,1574,1105901.6673
07/22/01,2,FCHUM,6983,905142.48531
07/22/01,3,FCHUM,4287,13986537.268
07/22/01,1,HUMPBACK,1464,251161.68049
07/22/01,2,HUMPBACK,302,61624.737485
07/22/01,1,JACK,64,3832.3515559
07/22/01,1,PINK,125,27767.017677
07/22/01,2,PINK,564,141126.71402
07/22/01,1,SHEEFISH,64,6389.2700158
07/22/01,2,SHEEFISH,103,21234.671709
07/23/01,1,BROAD,112,7094.2995618
07/23/01,1,CHINOOK,535,140184.22757
07/23/01,2,CHINOOK,161,26551.503762
07/23/01,1,CISCO,913,295526.09283
07/23/01,2,CISCO,173,27023.349986
07/23/01,1,FCHUM,1978,1389733.9621
07/23/01,2,FCHUM,2943,381486.43093
07/23/01,3,FCHUM,2170,7081037.5171
07/23/01,1,HUMPBACK,1839,315622.92352
07/23/01,2,HUMPBACK,127,25972.707659
07/23/01,1,JACK,80,4815.9337032
07/23/01,1,PINK,158,34893.488846
07/23/01,2,PINK,238,59480.056802
07/23/01,1,SHEEFISH,81,8029.0913711
07/23/01,2,SHEEFISH,43,8949.6838936
07/24/01,1,BROAD,160,119816.23102
07/24/01,2,BROAD,206,26180.307521
07/24/01,1,CISCO,968,507627.98536
07/24/01,2,CISCO,193,43795.166711
07/24/01,2,COHO,48,4310.6397162
07/24/01,1,FCHUM,1224,1403306.8746
07/24/01,2,FCHUM,1787,445220.37554
07/24/01,3,FCHUM,1982,4539349.1011
07/24/01,1,HUMPBACK,1730,426780.14741
07/24/01,2,HUMPBACK,1282,576344.30476
07/24/01,1,OTHER,630,205842.34898
07/24/01,2,OTHER,80,5750.9981561
07/24/01,1,PINK,140,22221.405883
07/24/01,1,SHEEFISH,326,87478.57062
07/25/01,1,BROAD,232,173683.49057
07/25/01,2,BROAD,305,38861.198149
07/25/01,1,CISCO,1403,735848.55455
07/25/01,2,CISCO,286,65008.123
07/25/01,2,COHO,72,6398.5735853
07/25/01,1,FCHUM,1774,2034208.84
07/25/01,2,FCHUM,2652,660870.66471
07/25/01,3,FCHUM,2530,5795729.2867
07/25/01,1,HUMPBACK,2508,618652.95775
07/25/01,2,HUMPBACK,1902,855506.76635
07/25/01,1,OTHER,914,298385.43053
07/25/01,2,OTHER,118,8536.5948708
07/25/01,1,PINK,202,32211.757173
07/25/01,1,SHEEFISH,472,126807.38967
07/26/01,2,CISCO,1002,727449.79508
07/26/01,1,FCHUM,5898,1360123.7295
07/26/01,2,FCHUM,8158,1186718.8961
07/26/01,3,FCHUM,3946,305625.91244
07/26/01,1,HUMPBACK,1756,1065704.1648
07/26/01,2,HUMPBACK,359,6045.4245203
07/27/01,1,CISCO,2087,2193865.4044
07/27/01,2,CISCO,942,820774.83045
07/27/01,2,COHO,182,29406.791202
07/27/01,1,FCHUM,4119,3626974.1967
07/27/01,2,FCHUM,5976,397456.23262
07/27/01,3,FCHUM,4603,10916758.971
07/27/01,1,HUMPBACK,248,47345.336715
07/27/01,2,HUMPBACK,1465,52155.529413
07/27/01,1,PINK,284,67713.876361
07/28/01,1,BROAD,243,56631.057663
07/28/01,2,CHINOOK,182,26615.258314
07/28/01,1,CISCO,1124,386976.96957
07/28/01,2,CISCO,779,185808.14865
07/28/01,1,COHO,48,1480.091613
07/28/01,2,COHO,101,5764.1943215
07/28/01,1,FCHUM,708,145776.04077
07/28/01,2,FCHUM,2014,1201028.1306
07/28/01,3,FCHUM,3477,20785706.884
07/28/01,1,HUMPBACK,1055,238570.88557
07/28/01,2,HUMPBACK,1432,401291.65998
07/28/01,2,JACK,67,3970.0608981
07/28/01,1,OTHER,151,10186.320225
07/28/01,1,PINK,92,7344.7819132
07/28/01,1,SHEEFISH,302,38203.183057
07/28/01,2,SHEEFISH,44,3995.8946791
07/29/01,1,BROAD,133,30905.227808
07/29/01,2,CHINOOK,126,18468.424113
07/29/01,1,CISCO,613,211184.67312
07/29/01,2,CISCO,540,128932.94713
07/29/01,1,COHO,26,807.72936908
07/29/01,2,COHO,70,3999.7953108
07/29/01,1,FCHUM,386,79554.257589
07/29/01,2,FCHUM,1397,833397.76852
07/29/01,3,FCHUM,2113,12629003.879
07/29/01,1,HUMPBACK,576,130195.12386
07/29/01,2,HUMPBACK,993,278457.73587
07/29/01,2,JACK,46,2754.8396321
07/29/01,1,OTHER,83,5558.973469
07/29/01,1,PINK,50,4008.2627377
07/29/01,1,SHEEFISH,165,20848.596584
07/29/01,2,SHEEFISH,30,2772.7657862
07/30/01,1,BROAD,199,46485.887016
07/30/01,2,CHINOOK,131,19090.955263
07/30/01,1,CISCO,923,317651.98157
07/30/01,2,CISCO,559,133279.00152
07/30/01,1,COHO,39,1214.9406057
07/30/01,2,COHO,72,4134.6198719
07/30/01,1,FCHUM,581,119660.9924
07/30/01,2,FCHUM,1444,861489.82813
07/30/01,3,FCHUM,2259,13501574.574
07/30/01,1,HUMPBACK,866,195832.10503
07/30/01,2,HUMPBACK,1027,287843.95168
07/30/01,2,JACK,48,2847.699395
07/30/01,1,OTHER,124,8361.4919201
07/30/01,1,PINK,75,6029.0009804
07/30/01,1,SHEEFISH,248,31359.273948
07/30/01,2,SHEEFISH,31,2866.2298015
07/31/01,1,BROAD,185,43055.846214
07/31/01,2,CHINOOK,132,19278.589173
07/31/01,1,CISCO,855,294213.48598
07/31/01,2,CISCO,564,134588.92341
07/31/01,1,COHO,36,1125.2941319
07/31/01,2,COHO,73,4175.2566489
07/31/01,1,FCHUM,538,110831.6011
07/31/01,2,FCHUM,1459,869956.91123
07/31/01,3,FCHUM,2579,15417618.988
07/31/01,1,HUMPBACK,802,181382.2977
07/31/01,2,HUMPBACK,1037,290673.00268
07/31/01,2,JACK,48,2875.6877782
07/31/01,1,OTHER,115,7744.5249158
07/31/01,1,PINK,70,5584.1408156
07/31/01,1,SHEEFISH,229,29045.376202
07/31/01,2,SHEEFISH,32,2894.4003093
08/01/01,1,BROAD,201,46839.998181
08/01/01,2,CHINOOK,86,12585.470207
08/01/01,1,CISCO,930,320071.72916
08/01/01,2,CISCO,368,87862.491941
08/01/01,1,COHO,39,1224.1955443
08/01/01,2,COHO,48,2725.6957286
08/01/01,1,FCHUM,586,120572.52268
08/01/01,2,FCHUM,952,567926.24657
08/01/01,3,FCHUM,1442,8619735.0752
08/01/01,1,HUMPBACK,873,197323.87681
08/01/01,2,HUMPBACK,677,189757.47564
08/01/01,2,JACK,31,1877.3097208
08/01/01,1,OTHER,125,8425.1864698
08/01/01,1,PINK,76,6074.9275335
08/01/01,1,SHEEFISH,249,31598.156537
08/01/01,2,SHEEFISH,21,1889.5256564
08/02/01,1,BROAD,60,2086.7662272
08/02/01,1,CISCO,2934,4632000.7795
08/02/01,2,CISCO,1021,549643.19617
08/02/01,1,COHO,44,13191.913967
08/02/01,1,FCHUM,1757,712168.87162
08/02/01,2,FCHUM,5468,2175943.3356
08/02/01,3,FCHUM,4133,9070605.5351
08/02/01,1,HUMPBACK,1049,151659.72526
08/02/01,2,HUMPBACK,1271,90179.227241
08/02/01,1,OTHER,93,39116.663578
08/02/01,1,PINK,265,1159849.4814
08/02/01,1,SHEEFISH,54,24690.889171
08/03/01,1,CISCO,1715,1035106.6534
08/03/01,2,CISCO,2004,2183084.2118
08/03/01,1,COHO,79,10872.22047
08/03/01,2,COHO,318,56244.710384
08/03/01,1,FCHUM,2373,1287585.7338
08/03/01,2,FCHUM,6075,2150301.5473
08/03/01,3,FCHUM,7828,3432503.2111
08/03/01,1,HUMPBACK,1757,178078.02651
08/03/01,2,HUMPBACK,816,168286.33555
08/03/01,1,OTHER,119,15819.846306
08/04/01,1,CISCO,1747,1054908.5531
08/04/01,2,CISCO,2183,2377875.3163
08/04/01,1,COHO,80,11080.209297
08/04/01,2,COHO,347,61263.284196
08/04/01,1,FCHUM,2418,1312217.6337
08/04/01,2,FCHUM,6617,2342167.5372
08/04/01,3,FCHUM,5165,2264827.4806
08/04/01,1,HUMPBACK,1791,181484.71238
08/04/01,2,HUMPBACK,889,183302.10132
08/04/01,1,OTHER,121,16122.484694
08/05/01,1,CISCO,2563,3561438.775
08/05/01,2,CISCO,1404,95434.938644
08/05/01,1,COHO,225,4917.9832227
08/05/01,1,FCHUM,4444,4522199.832
08/05/01,2,FCHUM,14482,1578619.6444
08/05/01,3,FCHUM,7371,164230.19911
08/05/01,1,HUMPBACK,647,6165.9040896
08/05/01,1,OTHER,394,79702.475253
08/06/01,1,CISCO,3115,1547132.8019
08/06/01,2,CISCO,2971,2480710.1438
08/06/01,1,COHO,665,343618.97637
08/06/01,2,COHO,1545,1510125.6375
08/06/01,3,COHO,994,8286854.517
08/06/01,1,FCHUM,2743,2791125.557
08/06/01,2,FCHUM,6452,2270031.5135
08/06/01,3,FCHUM,5277,8564283.8923
08/06/01,1,HUMPBACK,1464,162447.92676
08/06/01,2,HUMPBACK,665,131537.54573
08/06/01,2,OTHER,183,13783.912496
08/06/01,2,SHEEFISH,98,44481.031652
08/07/01,1,CISCO,2579,1281045.8126
08/07/01,2,CISCO,1680,1402517.088
08/07/01,1,COHO,550,284520.9217
08/07/01,2,COHO,874,853778.51054
08/07/01,3,COHO,671,5596439.8716
08/07/01,1,FCHUM,2271,2311087.7765
08/07/01,2,FCHUM,3648,1283405.8812
08/07/01,3,FCHUM,3564,5783798.8767
08/07/01,1,HUMPBACK,1212,134508.96786
08/07/01,2,HUMPBACK,376,74367.275861
08/07/01,2,OTHER,103,7792.9994618
08/07/01,2,SHEEFISH,55,25148.204896
08/08/01,1,CHINOOK,192,54448.736631
08/08/01,1,CISCO,1817,833511.92468
08/08/01,2,CISCO,874,745333.35061
08/08/01,1,COHO,1486,1618587.7813
08/08/01,2,COHO,1555,135629.12109
08/08/01,1,FCHUM,2846,530698.92649
08/08/01,2,FCHUM,3569,1508895.7909
08/08/01,3,FCHUM,2849,4099981.8105
08/08/01,1,HUMPBACK,1032,55378.377533
08/08/01,1,OTHER,198,44648.016355
08/09/01,1,CISCO,1167,1662349.9547
08/09/01,2,CISCO,1576,1306364.3808
08/09/01,1,COHO,2040,1509811.1854
08/09/01,2,COHO,1220,110789.17368
08/09/01,1,FCHUM,14072,8222200.9066
08/09/01,2,FCHUM,9004,2456716.6064
08/09/01,3,FCHUM,4897,12225449.464
08/09/01,1,HUMPBACK,999,77978.344804
08/10/01,1,CISCO,5003,5010242.8993
08/10/01,2,CISCO,3266,3973851.6558
08/10/01,1,COHO,3875,790848.67778
08/10/01,2,COHO,2719,1533273.2029
08/10/01,3,COHO,4151,23600542.643
08/10/01,1,FCHUM,5595,7317015.8789
08/10/01,2,FCHUM,6098,2522971.467
08/10/01,3,FCHUM,2723,23497901.777
08/10/01,1,HUMPBACK,885,293917.19685
08/10/01,2,HUMPBACK,328,51258.518377
08/10/01,1,OTHER,310,40074.520649
08/10/01,2,SHEEFISH,140,15336.089589
08/11/01,1,CISCO,2938,2942077.9234
08/11/01,2,CISCO,2299,2797652.3512
08/11/01,1,COHO,2275,464396.33416
08/11/01,2,COHO,1914,1079447.7884
08/11/01,3,COHO,3782,21501573.497
08/11/01,1,FCHUM,3286,4296644.1579
08/11/01,2,FCHUM,4293,1776210.5051
08/11/01,3,FCHUM,2481,21408061.235
08/11/01,1,HUMPBACK,520,172591.89096
08/11/01,2,HUMPBACK,231,36086.781006
08/11/01,1,OTHER,182,23532.264775
08/11/01,2,SHEEFISH,99,10796.841657
08/12/01,1,CISCO,2462,3631406.827
08/12/01,1,COHO,2962,955410.59928
08/12/01,2,COHO,3341,26363.053976
08/12/01,3,COHO,1536,6944442.0664
08/12/01,1,FCHUM,2025,2472024.9194
08/12/01,2,FCHUM,2574,16348.085454
08/12/01,3,FCHUM,3739,7062768.5352
08/12/01,1,HUMPBACK,850,232105.2585
08/12/01,1,OTHER,273,40928.191109
08/13/01,1,CISCO,2223,237843.16918
08/13/01,2,CISCO,239,52824.94782
08/13/01,1,COHO,2872,167784.72948
08/13/01,2,COHO,2465,151515.06769
08/13/01,3,COHO,1760,2068976.8941
08/13/01,1,FCHUM,732,425109.25099
08/13/01,2,FCHUM,2792,145463.29761
08/13/01,3,FCHUM,4842,2301086.1982
08/13/01,1,HUMPBACK,1440,800306.48031
08/13/01,1,OTHER,226,25974.364058
08/13/01,2,OTHER,178,16289.37853
08/14/01,2,CHINOOK,159,27735.532628
08/14/01,1,CISCO,1113,82663.583248
08/14/01,2,CISCO,977,497880.18348
08/14/01,1,COHO,3125,63879.127243
08/14/01,2,COHO,1979,833343.83479
08/14/01,3,COHO,6483,288998.42608
08/14/01,1,FCHUM,2141,379127.44281
08/14/01,2,FCHUM,2489,439313.5832
08/14/01,1,HUMPBACK,574,338931.05496
08/14/01,2,HUMPBACK,264,75966.966115
08/14/01,1,OTHER,327,9268.8781235
08/14/01,2,OTHER,154,26749.343616
08/15/01,1,CISCO,3224,5401288.3777
08/15/01,2,CISCO,1377,1342591.0481
08/15/01,1,COHO,2531,532290.9097
08/15/01,2,COHO,2607,44400.448861
08/15/01,3,COHO,3862,495787.29813
08/15/01,1,FCHUM,3452,4870496.1831
08/15/01,2,FCHUM,3895,1539066.1832
08/15/01,3,FCHUM,3097,450937.72732
08/15/01,1,HUMPBACK,368,8241.6135075
08/15/01,2,HUMPBACK,464,3706.1996652
08/15/01,1,OTHER,229,139477.55439
08/16/01,2,BROAD,132,10634.623541
08/16/01,1,CISCO,2408,2933098.8778
08/16/01,2,CISCO,774,355654.80457
08/16/01,1,COHO,3241,1038080.4588
08/16/01,2,COHO,2847,80046.700079
08/16/01,3,COHO,5718,1155253.75
08/16/01,1,FCHUM,2409,2704359.077
08/16/01,2,FCHUM,4251,2117385.2582
08/16/01,3,FCHUM,1466,1133841.9211
08/16/01,1,HUMPBACK,952,599639.86008
08/16/01,2,HUMPBACK,363,85999.599417
08/16/01,1,OTHER,283,40344.315657
08/16/01,2,OTHER,184,44506.235547
08/17/01,1,CISCO,3156,695089.25821
08/17/01,2,CISCO,1172,841556.42099
08/17/01,1,COHO,2076,661874.63108
08/17/01,2,COHO,1819,865204.85369
08/17/01,3,COHO,3818,175012.10645
08/17/01,1,FCHUM,1543,21743.47803
08/17/01,2,FCHUM,2575,179201.98089
08/17/01,3,FCHUM,806,789076.28167
08/17/01,1,HUMPBACK,1427,18936.616178
08/17/01,2,HUMPBACK,219,84914.258347
08/17/01,3,HUMPBACK,1292,1411388.657
08/17/01,1,OTHER,192,19795.496982
08/17/01,1,SHEEFISH,170,2116.3260242
08/18/01,2,BROAD,266,104440.63343
08/18/01,1,CISCO,2466,648142.97379
08/18/01,2,CISCO,1407,1147466.8686
08/18/01,1,COHO,2648,172765.3921
08/18/01,2,COHO,2223,618653.98531
08/18/01,3,COHO,4982,13216128.143
08/18/01,1,FCHUM,200,11188.740908
08/18/01,2,FCHUM,852,59004.53402
08/18/01,3,FCHUM,1932,12411283.353
08/18/01,1,HUMPBACK,992,30803.204943
08/18/01,2,HUMPBACK,239,74306.302095
08/18/01,1,OTHER,101,13101.553144
08/18/01,1,SHEEFISH,86,8931.4522344
08/19/01,1,BROAD,100,13755.387055
08/19/01,1,CISCO,3095,3232927.8825
08/19/01,2,CISCO,302,50020.704807
08/19/01,1,COHO,1520,1153048.4883
08/19/01,2,COHO,1297,160757.90982
08/19/01,3,COHO,1643,2523144.1729
08/19/01,1,FCHUM,701,1109492.3972
08/19/01,2,FCHUM,957,56605.895094
08/19/01,3,FCHUM,1116,2453163.4599
08/19/01,1,HUMPBACK,1407,959719.60695
08/19/01,2,HUMPBACK,276,19798.103573
08/19/01,1,OTHER,75,10164.077525
08/19/01,2,OTHER,135,21949.389489
08/19/01,1,SHEEFISH,70,7036.5759861
08/19/01,2,SHEEFISH,59,14766.45513
08/20/01,1,BROAD,131,18088.137387
08/20/01,1,CISCO,4070,4251253.9611
08/20/01,2,CISCO,422,69813.568938
08/20/01,1,COHO,1999,1516242.2829
08/20/01,2,COHO,1811,224368.75815
08/20/01,3,COHO,1348,2069901.6899
08/20/01,1,FCHUM,922,1458966.6456
08/20/01,2,FCHUM,1336,79004.475741
08/20/01,3,FCHUM,916,2012491.8924
08/20/01,1,HUMPBACK,1850,1262017.567
08/20/01,2,HUMPBACK,386,27632.083033
08/20/01,1,OTHER,99,13365.616682
08/20/01,2,OTHER,188,30634.618647
08/20/01,1,SHEEFISH,92,9252.9968563
08/20/01,2,SHEEFISH,82,20609.444372
08/21/01,1,BROAD,95,6273.4344745
08/21/01,1,CISCO,1164,282134.30103
08/21/01,2,CISCO,803,548329.87241
08/21/01,1,COHO,2659,301164.15817
08/21/01,2,COHO,1992,141847.44112
08/21/01,3,COHO,3409,1135467.8836
08/21/01,1,FCHUM,1015,486343.47252
08/21/01,2,FCHUM,1715,356148.03247
08/21/01,3,FCHUM,871,1028251.9011
08/21/01,1,HUMPBACK,1349,292823.0458
08/21/01,2,HUMPBACK,802,280788.40819
08/21/01,1,OTHER,62,18520.788079
08/22/01,1,BROAD,63,4164.3214614
08/22/01,1,CISCO,773,187281.45318
08/22/01,2,CISCO,641,437929.22247
08/22/01,1,COHO,1765,199913.51984
08/22/01,2,COHO,1591,113287.89972
08/22/01,3,COHO,3071,1022805.2121
08/22/01,1,FCHUM,674,322836.01087
08/22/01,2,FCHUM,1370,284441.24384
08/22/01,3,FCHUM,785,926227.34558
08/22/01,1,HUMPBACK,895,194376.66863
08/22/01,2,HUMPBACK,640,224254.51442
08/22/01,1,OTHER,41,12294.145351
08/23/01,1,BROAD,148,106319.58801
08/23/01,1,CISCO,3403,2907425.0395
08/23/01,2,CISCO,2086,2242243.9512
08/23/01,1,COHO,704,364684.21502
08/23/01,2,COHO,1464,729371.30633
08/23/01,3,COHO,2188,746302.16754
08/23/01,1,FCHUM,369,57057.594851
08/23/01,2,FCHUM,1466,1082342.2648
08/23/01,3,FCHUM,860,719690.64813
08/23/01,1,HUMPBACK,885,204116.64433
08/23/01,2,HUMPBACK,1037,245425.84573
08/23/01,1,OTHER,77,11664.414057
08/23/01,1,SHEEFISH,40,2006.8765138
08/24/01,1,BROAD,204,187775.95586
08/24/01,2,BROAD,73,5864.4472624
08/24/01,1,CISCO,1383,392197.46936
08/24/01,2,CISCO,616,143294.07837
08/24/01,1,COHO,2658,1021388.0129
08/24/01,2,COHO,1727,615430.6686
08/24/01,3,COHO,2316,2681777.3873
08/24/01,1,FCHUM,1245,258445.68505
08/24/01,2,FCHUM,2835,313559.03043
08/24/01,3,FCHUM,1044,2628694.5787
08/24/01,1,HUMPBACK,1032,92705.26855
08/24/01,2,HUMPBACK,937,570265.86118
08/24/01,1,OTHER,308,68881.096829
08/24/01,2,OTHER,172,15145.398176
08/25/01,1,BROAD,157,144356.55722
08/25/01,2,BROAD,65,5201.025002
08/25/01,1,CISCO,1064,301509.72296
08/25/01,2,CISCO,546,127083.77293
08/25/01,1,COHO,2043,785212.65649
08/25/01,2,COHO,1532,545809.37489
08/25/01,3,COHO,2530,2930076.8121
08/25/01,1,FCHUM,957,198685.33835
08/25/01,2,FCHUM,2514,278087.3088
08/25/01,3,FCHUM,1141,2872079.1918
08/25/01,1,HUMPBACK,793,71269.046898
08/25/01,2,HUMPBACK,831,505753.88763
08/25/01,1,OTHER,237,52953.733883
08/25/01,2,OTHER,152,13432.057797
08/26/01,2,BROAD,771,3906.4372462
08/26/01,1,CISCO,2541,437181.06127
08/26/01,2,CISCO,431,99799.74734
08/26/01,1,COHO,2546,196071.04766
08/26/01,2,COHO,1920,70131.102261
08/26/01,3,COHO,3423,5880949.1292
08/26/01,1,FCHUM,126,3523.8157234
08/26/01,2,FCHUM,1039,179967.92083
08/26/01,1,HUMPBACK,922,383743.97051
08/26/01,2,HUMPBACK,751,16846.898078
08/26/01,1,OTHER,271,3385.7477042
08/27/01,1,BROAD,229,39416.25462
08/27/01,1,CISCO,930,534483.76017
08/27/01,2,CISCO,1612,1352072.0977
08/27/01,1,COHO,3629,1133757.1008
08/27/01,2,COHO,766,1640430.1341
08/27/01,3,COHO,2034,2142417.2256
08/27/01,1,FCHUM,291,65110.999601
08/27/01,2,FCHUM,158,15736.024356
08/27/01,1,OTHER,315,110236.97686
08/28/01,1,BROAD,75,1910.7928768
08/28/01,2,BROAD,78,7887.5557111
08/28/01,1,CISCO,2904,2100767.2919
08/28/01,2,CISCO,1550,464681.44117
08/28/01,1,COHO,754,642037.27079
08/28/01,2,COHO,893,842204.48551
08/28/01,3,COHO,1600,2108017.162
08/28/01,1,FCHUM,55,4320.9899016
08/28/01,2,FCHUM,162,9750.5940243
08/28/01,1,HUMPBACK,786,621070.63419
08/28/01,2,HUMPBACK,541,97059.535929
08/28/01,1,OTHER,377,31821.215397
08/28/01,2,OTHER,128,12548.069484
08/29/01,1,BROAD,60,1519.8043774
08/29/01,2,BROAD,43,4343.404227
08/29/01,1,CISCO,2310,1670906.0228
08/29/01,2,CISCO,854,255884.00383
08/29/01,1,COHO,599,510662.91196
08/29/01,2,COHO,492,463772.89192
08/29/01,3,COHO,997,1313799.1182
08/29/01,1,FCHUM,43,3436.8242874
08/29/01,2,FCHUM,89,5369.3150137
08/29/01,1,HUMPBACK,625,493986.49115
08/29/01,2,HUMPBACK,298,53447.330715
08/29/01,1,OTHER,300,25309.923981
08/29/01,2,OTHER,70,6909.7880299
08/30/01,1,CHINOOK,54,3359.0123797
08/30/01,1,CISCO,118,9470.3536519
08/30/01,2,CISCO,705,258004.01106
08/30/01,1,COHO,228,33051.894072
08/30/01,2,COHO,234,33329.735667
08/30/01,3,COHO,657,776688.03803
08/30/01,1,FCHUM,78,3580.1849609
08/30/01,2,FCHUM,711,1298486.3802
08/30/01,3,FCHUM,919,780285.98525
08/30/01,1,HUMPBACK,165,22753.199826
08/30/01,2,HUMPBACK,669,236379.63019
08/30/01,1,OTHER,37,2418.7074351
08/31/01,1,CHINOOK,63,3899.0197044
08/31/01,2,CHINOOK,61,3808.8653492
08/31/01,1,CISCO,137,10992.842932
08/31/01,2,CISCO,134,10738.662973
08/31/01,1,COHO,265,38365.439506
08/31/01,2,COHO,259,37478.341794
08/31/01,3,COHO,551,651108.37017
08/31/01,1,FCHUM,90,4155.7488124
08/31/01,2,FCHUM,88,4059.6582863
08/31/01,3,FCHUM,771,654124.5793
08/31/01,1,HUMPBACK,192,26411.088864
08/31/01,2,HUMPBACK,188,25800.403393
08/31/01,1,OTHER,43,2807.5478392
08/31/01,2,OTHER,42,2742.6308385
